,year_ms,month_ms,generacion,tot_hr,fp
0,2019,1,650.3415787621,576,0.3763550803021412
1,2019,2,681.1824833577,672,0.33788813658616074
2,2019,3,53.5909879125,72,0.2481064255208333
