,year_ms,month_ms,generacion,tot_hr,fp
0,2019,1,577.8457070505,744,0.2588914458111559
1,2019,2,575.3950755464,672,0.2854142239813492
2,2019,3,43.1391391131,72,0.1997182366347222
