,year_ms,month_ms,generacion,tot_hr,fp
0,2019,1,700.4857189946999,744,0.3138376877216398
1,2019,2,550.7605323051,672,0.27319470848467264
2,2019,3,60.216442612,96,0.20908487018055555
