,year_ms,month_ms,generacion,tot_hr,fp
0,2019,1,764.4495919725,744,0
1,2019,2,639.4484284662001,672,0
2,2019,3,45.9621447779,72,0
