,year_ms,month_ms,generacion,tot_hr,fp
0,2019,2,1076.6795081129999,408,0.2932133736691176
1,2019,3,0.0,72,0.0
