NOM_REG,NOM_PROV,COD_COM,NOM_COM,COD_REGI,SUPERFICIE,POBLAC02,POBL2010,SHAPE_Leng,SHAPE_Area,Nplantas,potencia
Región de Valparaíso,Valparaíso,,Juan Fernández,5.00000000000,16396.10000000000,"1539852","1759167",143877.05230600000,106605950.26399999857,"4",43.616999999999997
Región del Libertador Bernardo O'Higgins,Cachapoal,"06109",Malloa,6.00000000000,16387.00000000000,"780627","883368",803163.59645299998,16345213476.60000038147,"2",11.990000000000000
Región de Atacama,Copiapó,"03102",Caldera,3.00000000000,75176.20000000000,"254336","280543",2006821.92164999992,75652031289.89999389648,"12",833.759999999999991
Región Metropolitana de Santiago,Cordillera,"13201",Puente Alto,13.00000000000,15403.20000000000,"6061185","6883563",885340.57501799997,15389287748.60000038147,"9",237.076745899999992
Región de Valparaíso,Los Andes,"05304",San Esteban,5.00000000000,16396.10000000000,"1539852","1759167",1045288.27483999997,16007244207.00000000000,"4",43.616999999999997
Región de Tarapacá,Iquique,"01101",Iquique,1.00000000000,59099.10000000000,"428594","683203",1118269.85920000006,42548579682.69999694824,"3",48.603999999999999
Región de Antofagasta,Tocopilla,"02301",Tocopilla,2.00000000000,126049.10000000001,"493984","575268",2139314.89642000012,126020013754.00000000000,"11",823.735000000000014
Región de Arica y Parinacota,Parinacota,"01301",Putre,15.00000000000,14628.90000000000,"188465","183712",682884.59564499999,16619989477.50000000000,"1",6.240000000000000
Región de Coquimbo,Limarí,"04305",Río Hurtado,4.00000000000,40579.90000000000,"603210","718717",1605926.62647000002,40633678072.50000000000,"4",112.000000000000000
