,year_ms,month_ms,generacion,tot_hr,fp
0,2019,1,735.3704853413,744,0.3294670633249552
1,2019,2,720.2173469705,672,0.35725066814012896
2,2019,3,77.6698302947,96,0.2696869107454861
